timestamp,building_id,value
2026-09-30 23:00:00,Block A,122.6
2026-09-30 23:00:00,Block B,194.11
2026-09-30 23:00:00,Block C,163.78
2026-10-01 00:00:00,Block A,117.71
2026-10-01 00:00:00,Block B,184.55
2026-10-01 00:00:00,Block C,161.26
2026-10-01 01:00:00,Block A,121.64
2026-10-01 01:00:00,Block B,195.1
2026-10-01 01:00:00,Block C,156.36
2026-10-01 02:00:00,Block A,110.24
2026-10-01 02:00:00,Block B,167.64
2026-10-01 02:00:00,Block C,160.75
2026-10-01 03:00:00,Block A,123.5
2026-10-01 03:00:00,Block B,167.37
2026-10-01 03:00:00,Block C,138.4
2026-10-01 04:00:00,Block A,128.03
2026-10-01 04:00:00,Block B,176.57
2026-10-01 04:00:00,Block C,154.42
2026-10-01 05:00:00,Block A,121.06
2026-10-01 05:00:00,Block B,174.75
2026-10-01 05:00:00,Block C,164.34
2026-10-01 06:00:00,Block A,121.24
2026-10-01 06:00:00,Block B,169.48
2026-10-01 06:00:00,Block C,139.56
2026-10-01 07:00:00,Block A,126.16
2026-10-01 07:00:00,Block B,192.15
2026-10-01 07:00:00,Block C,154.12
2026-10-01 08:00:00,Block A,116.52
2026-10-01 08:00:00,Block B,174.25
2026-10-01 08:00:00,Block C,146.47
2026-10-01 09:00:00,Block A,126.22
2026-10-01 09:00:00,Block B,172.11
2026-10-01 09:00:00,Block C,137.52
2026-10-01 10:00:00,Block A,118.37
2026-10-01 10:00:00,Block B,176.37
2026-10-01 10:00:00,Block C,150.88
2026-10-01 11:00:00,Block A,111.89
2026-10-01 11:00:00,Block B,191.43
2026-10-01 11:00:00,Block C,139.34
2026-10-01 12:00:00,Block A,111.27
2026-10-01 12:00:00,Block B,168.12
2026-10-01 12:00:00,Block C,141.46
2026-10-01 13:00:00,Block A,128.62
2026-10-01 13:00:00,Block B,189.54
2026-10-01 13:00:00,Block C,143.85
2026-10-01 14:00:00,Block A,115.8
2026-10-01 14:00:00,Block B,173.69
2026-10-01 14:00:00,Block C,140.25
2026-10-01 15:00:00,Block A,117.25
2026-10-01 15:00:00,Block B,165.86
2026-10-01 15:00:00,Block C,153.43
2026-10-01 16:00:00,Block A,126.94
2026-10-01 16:00:00,Block B,176.06
2026-10-01 16:00:00,Block C,164.59
2026-10-01 17:00:00,Block A,127.25
2026-10-01 17:00:00,Block B,171.22
2026-10-01 17:00:00,Block C,151.02
2026-10-01 18:00:00,Block A,126.92
2026-10-01 18:00:00,Block B,176.22
2026-10-01 18:00:00,Block C,149.24
2026-10-01 19:00:00,Block A,111.27
2026-10-01 19:00:00,Block B,171.73
2026-10-01 19:00:00,Block C,135.13
2026-10-01 20:00:00,Block A,129.56
2026-10-01 20:00:00,Block B,182.11
2026-10-01 20:00:00,Block C,137.75
2026-10-01 21:00:00,Block A,108.47
2026-10-01 21:00:00,Block B,187.03
2026-10-01 21:00:00,Block C,164.5
2026-10-01 22:00:00,Block A,113.88
2026-10-01 22:00:00,Block B,171.64
2026-10-01 22:00:00,Block C,146.39
2026-10-01 23:00:00,Block A,119.23
2026-10-01 23:00:00,Block B,187.04
2026-10-01 23:00:00,Block C,152.23
2026-10-02 00:00:00,Block A,126.29
2026-10-02 00:00:00,Block B,164.06
2026-10-02 00:00:00,Block C,161.17
2026-10-02 01:00:00,Block A,123.48
2026-10-02 01:00:00,Block B,186.0
2026-10-02 01:00:00,Block C,158.03
2026-10-02 02:00:00,Block A,112.31
2026-10-02 02:00:00,Block B,167.63
2026-10-02 02:00:00,Block C,161.76
2026-10-02 03:00:00,Block A,118.79
2026-10-02 03:00:00,Block B,179.09
2026-10-02 03:00:00,Block C,146.57
2026-10-02 04:00:00,Block A,121.99
2026-10-02 04:00:00,Block B,197.67
2026-10-02 04:00:00,Block C,148.02
2026-10-02 05:00:00,Block A,113.87
2026-10-02 05:00:00,Block B,177.7
2026-10-02 05:00:00,Block C,162.09
2026-10-02 06:00:00,Block A,111.36
2026-10-02 06:00:00,Block B,165.69
2026-10-02 06:00:00,Block C,159.96
2026-10-02 07:00:00,Block A,131.5
2026-10-02 07:00:00,Block B,170.56
2026-10-02 07:00:00,Block C,163.74
2026-10-02 08:00:00,Block A,115.5
2026-10-02 08:00:00,Block B,175.17
2026-10-02 08:00:00,Block C,156.06
2026-10-02 09:00:00,Block A,129.53
2026-10-02 09:00:00,Block B,187.0
2026-10-02 09:00:00,Block C,152.51
2026-10-02 10:00:00,Block A,124.45
2026-10-02 10:00:00,Block B,185.11
2026-10-02 10:00:00,Block C,155.93
2026-10-02 11:00:00,Block A,130.56
2026-10-02 11:00:00,Block B,182.29
2026-10-02 11:00:00,Block C,161.99
2026-10-02 12:00:00,Block A,120.52
2026-10-02 12:00:00,Block B,189.37
2026-10-02 12:00:00,Block C,149.01
2026-10-02 13:00:00,Block A,108.68
2026-10-02 13:00:00,Block B,174.6
2026-10-02 13:00:00,Block C,164.78
2026-10-02 14:00:00,Block A,124.63
2026-10-02 14:00:00,Block B,187.08
2026-10-02 14:00:00,Block C,160.5
2026-10-02 15:00:00,Block A,110.35
2026-10-02 15:00:00,Block B,184.48
2026-10-02 15:00:00,Block C,141.33
2026-10-02 16:00:00,Block A,109.43
2026-10-02 16:00:00,Block B,177.26
2026-10-02 16:00:00,Block C,141.8
2026-10-02 17:00:00,Block A,110.2
2026-10-02 17:00:00,Block B,179.22
2026-10-02 17:00:00,Block C,164.83
2026-10-02 18:00:00,Block A,127.55
2026-10-02 18:00:00,Block B,183.33
2026-10-02 18:00:00,Block C,145.7
2026-10-02 19:00:00,Block A,122.65
2026-10-02 19:00:00,Block B,179.16
2026-10-02 19:00:00,Block C,145.73
2026-10-02 20:00:00,Block A,114.73
2026-10-02 20:00:00,Block B,175.03
2026-10-02 20:00:00,Block C,135.06
2026-10-02 21:00:00,Block A,125.4
2026-10-02 21:00:00,Block B,167.66
2026-10-02 21:00:00,Block C,137.06
2026-10-02 22:00:00,Block A,130.98
2026-10-02 22:00:00,Block B,182.09
2026-10-02 22:00:00,Block C,144.78
2026-10-02 23:00:00,Block A,127.49
2026-10-02 23:00:00,Block B,172.92
2026-10-02 23:00:00,Block C,159.42
2026-10-03 00:00:00,Block A,112.77
2026-10-03 00:00:00,Block B,175.57
2026-10-03 00:00:00,Block C,154.28
2026-10-03 01:00:00,Block A,113.92
2026-10-03 01:00:00,Block B,178.92
2026-10-03 01:00:00,Block C,138.42
2026-10-03 02:00:00,Block A,110.34
2026-10-03 02:00:00,Block B,185.42
2026-10-03 02:00:00,Block C,140.67
2026-10-03 03:00:00,Block A,124.01
2026-10-03 03:00:00,Block B,175.28
2026-10-03 03:00:00,Block C,151.92
2026-10-03 04:00:00,Block A,116.15
2026-10-03 04:00:00,Block B,182.85
2026-10-03 04:00:00,Block C,153.09
2026-10-03 05:00:00,Block A,122.88
2026-10-03 05:00:00,Block B,188.15
2026-10-03 05:00:00,Block C,144.08
2026-10-03 06:00:00,Block A,129.99
2026-10-03 06:00:00,Block B,184.48
2026-10-03 06:00:00,Block C,144.45
2026-10-03 07:00:00,Block A,118.51
2026-10-03 07:00:00,Block B,191.96
2026-10-03 07:00:00,Block C,136.22
2026-10-03 08:00:00,Block A,110.79
2026-10-03 08:00:00,Block B,176.7
2026-10-03 08:00:00,Block C,151.82
2026-10-03 09:00:00,Block A,112.65
2026-10-03 09:00:00,Block B,184.14
2026-10-03 09:00:00,Block C,143.26
2026-10-03 10:00:00,Block A,128.7
2026-10-03 10:00:00,Block B,172.27
2026-10-03 10:00:00,Block C,142.75
2026-10-03 11:00:00,Block A,125.66
2026-10-03 11:00:00,Block B,169.4
2026-10-03 11:00:00,Block C,146.32
2026-10-03 12:00:00,Block A,119.04
2026-10-03 12:00:00,Block B,169.21
2026-10-03 12:00:00,Block C,146.28
2026-10-03 13:00:00,Block A,130.89
2026-10-03 13:00:00,Block B,165.82
2026-10-03 13:00:00,Block C,152.45
2026-10-03 14:00:00,Block A,111.42
2026-10-03 14:00:00,Block B,180.17
2026-10-03 14:00:00,Block C,152.61
2026-10-03 15:00:00,Block A,129.72
2026-10-03 15:00:00,Block B,190.28
2026-10-03 15:00:00,Block C,164.62
2026-10-03 16:00:00,Block A,114.38
2026-10-03 16:00:00,Block B,183.39
2026-10-03 16:00:00,Block C,151.37
2026-10-03 17:00:00,Block A,127.39
2026-10-03 17:00:00,Block B,175.09
2026-10-03 17:00:00,Block C,142.84
2026-10-03 18:00:00,Block A,122.98
2026-10-03 18:00:00,Block B,179.1
2026-10-03 18:00:00,Block C,147.59
2026-10-03 19:00:00,Block A,109.82
2026-10-03 19:00:00,Block B,193.77
2026-10-03 19:00:00,Block C,151.64
2026-10-03 20:00:00,Block A,116.06
2026-10-03 20:00:00,Block B,193.97
2026-10-03 20:00:00,Block C,148.98
2026-10-03 21:00:00,Block A,120.99
2026-10-03 21:00:00,Block B,179.59
2026-10-03 21:00:00,Block C,150.56
2026-10-03 22:00:00,Block A,120.51
2026-10-03 22:00:00,Block B,196.28
2026-10-03 22:00:00,Block C,164.66
2026-10-03 23:00:00,Block A,119.19
2026-10-03 23:00:00,Block B,197.45
2026-10-03 23:00:00,Block C,136.93
2026-10-04 00:00:00,Block A,117.33
2026-10-04 00:00:00,Block B,191.49
2026-10-04 00:00:00,Block C,155.62
2026-10-04 01:00:00,Block A,114.88
2026-10-04 01:00:00,Block B,182.35
2026-10-04 01:00:00,Block C,139.65
2026-10-04 02:00:00,Block A,108.07
2026-10-04 02:00:00,Block B,192.35
2026-10-04 02:00:00,Block C,141.89
2026-10-04 03:00:00,Block A,130.53
2026-10-04 03:00:00,Block B,165.93
2026-10-04 03:00:00,Block C,163.3
2026-10-04 04:00:00,Block A,122.95
2026-10-04 04:00:00,Block B,193.56
2026-10-04 04:00:00,Block C,162.77
2026-10-04 05:00:00,Block A,119.55
2026-10-04 05:00:00,Block B,191.04
2026-10-04 05:00:00,Block C,145.75
2026-10-04 06:00:00,Block A,112.57
2026-10-04 06:00:00,Block B,183.15
2026-10-04 06:00:00,Block C,148.1
2026-10-04 07:00:00,Block A,109.07
2026-10-04 07:00:00,Block B,194.89
2026-10-04 07:00:00,Block C,155.08
2026-10-04 08:00:00,Block A,116.62
2026-10-04 08:00:00,Block B,190.38
2026-10-04 08:00:00,Block C,146.4
2026-10-04 09:00:00,Block A,117.81
2026-10-04 09:00:00,Block B,165.33
2026-10-04 09:00:00,Block C,158.33
2026-10-04 10:00:00,Block A,110.36
2026-10-04 10:00:00,Block B,184.58
2026-10-04 10:00:00,Block C,160.71
2026-10-04 11:00:00,Block A,112.87
2026-10-04 11:00:00,Block B,192.86
2026-10-04 11:00:00,Block C,157.46
2026-10-04 12:00:00,Block A,121.62
2026-10-04 12:00:00,Block B,178.36
2026-10-04 12:00:00,Block C,148.69
2026-10-04 13:00:00,Block A,110.49
2026-10-04 13:00:00,Block B,171.45
2026-10-04 13:00:00,Block C,139.85
2026-10-04 14:00:00,Block A,114.49
2026-10-04 14:00:00,Block B,168.3
2026-10-04 14:00:00,Block C,156.32
2026-10-04 15:00:00,Block A,127.54
2026-10-04 15:00:00,Block B,179.48
2026-10-04 15:00:00,Block C,137.15
2026-10-04 16:00:00,Block A,109.26
2026-10-04 16:00:00,Block B,181.59
2026-10-04 16:00:00,Block C,152.89
2026-10-04 17:00:00,Block A,110.26
2026-10-04 17:00:00,Block B,187.25
2026-10-04 17:00:00,Block C,144.04
2026-10-04 18:00:00,Block A,117.55
2026-10-04 18:00:00,Block B,175.18
2026-10-04 18:00:00,Block C,156.66
2026-10-04 19:00:00,Block A,123.5
2026-10-04 19:00:00,Block B,173.31
2026-10-04 19:00:00,Block C,139.58
2026-10-04 20:00:00,Block A,111.23
2026-10-04 20:00:00,Block B,180.92
2026-10-04 20:00:00,Block C,162.32
2026-10-04 21:00:00,Block A,131.64
2026-10-04 21:00:00,Block B,165.05
2026-10-04 21:00:00,Block C,150.61
2026-10-04 22:00:00,Block A,111.17
2026-10-04 22:00:00,Block B,175.5
2026-10-04 22:00:00,Block C,159.62
2026-10-04 23:00:00,Block A,120.64
2026-10-04 23:00:00,Block B,191.12
2026-10-04 23:00:00,Block C,164.21
2026-10-05 00:00:00,Block A,121.98
2026-10-05 00:00:00,Block B,163.72
2026-10-05 00:00:00,Block C,164.69
2026-10-05 01:00:00,Block A,113.67
2026-10-05 01:00:00,Block B,162.96
2026-10-05 01:00:00,Block C,148.32
2026-10-05 02:00:00,Block A,125.89
2026-10-05 02:00:00,Block B,195.03
2026-10-05 02:00:00,Block C,160.73
2026-10-05 03:00:00,Block A,122.57
2026-10-05 03:00:00,Block B,163.57
2026-10-05 03:00:00,Block C,138.98
2026-10-05 04:00:00,Block A,118.83
2026-10-05 04:00:00,Block B,173.75
2026-10-05 04:00:00,Block C,161.52
2026-10-05 05:00:00,Block A,123.18
2026-10-05 05:00:00,Block B,190.45
2026-10-05 05:00:00,Block C,148.94
2026-10-05 06:00:00,Block A,110.95
2026-10-05 06:00:00,Block B,173.02
2026-10-05 06:00:00,Block C,160.24
2026-10-05 07:00:00,Block A,130.23
2026-10-05 07:00:00,Block B,178.17
2026-10-05 07:00:00,Block C,146.66
2026-10-05 08:00:00,Block A,116.16
2026-10-05 08:00:00,Block B,195.06
2026-10-05 08:00:00,Block C,135.62
2026-10-05 09:00:00,Block A,125.85
2026-10-05 09:00:00,Block B,190.35
2026-10-05 09:00:00,Block C,145.01
2026-10-05 10:00:00,Block A,108.53
2026-10-05 10:00:00,Block B,174.34
2026-10-05 10:00:00,Block C,138.75
2026-10-05 11:00:00,Block A,113.48
2026-10-05 11:00:00,Block B,180.63
2026-10-05 11:00:00,Block C,140.59
2026-10-05 12:00:00,Block A,108.74
2026-10-05 12:00:00,Block B,186.28
2026-10-05 12:00:00,Block C,138.5
2026-10-05 13:00:00,Block A,113.74
2026-10-05 13:00:00,Block B,196.91
2026-10-05 13:00:00,Block C,138.1
2026-10-05 14:00:00,Block A,114.94
2026-10-05 14:00:00,Block B,169.48
2026-10-05 14:00:00,Block C,143.55
2026-10-05 15:00:00,Block A,108.15
2026-10-05 15:00:00,Block B,185.55
2026-10-05 15:00:00,Block C,163.7
2026-10-05 16:00:00,Block A,113.92
2026-10-05 16:00:00,Block B,162.62
2026-10-05 16:00:00,Block C,146.62
2026-10-05 17:00:00,Block A,130.46
2026-10-05 17:00:00,Block B,172.87
2026-10-05 17:00:00,Block C,162.82
2026-10-05 18:00:00,Block A,126.89
2026-10-05 18:00:00,Block B,197.07
2026-10-05 18:00:00,Block C,142.61
2026-10-05 19:00:00,Block A,123.09
2026-10-05 19:00:00,Block B,180.48
2026-10-05 19:00:00,Block C,157.05
2026-10-05 20:00:00,Block A,118.14
2026-10-05 20:00:00,Block B,168.67
2026-10-05 20:00:00,Block C,152.46
2026-10-05 21:00:00,Block A,129.25
2026-10-05 21:00:00,Block B,168.8
2026-10-05 21:00:00,Block C,156.32
2026-10-05 22:00:00,Block A,128.02
2026-10-05 22:00:00,Block B,189.03
2026-10-05 22:00:00,Block C,162.67
2026-10-05 23:00:00,Block A,110.53
2026-10-05 23:00:00,Block B,193.86
2026-10-05 23:00:00,Block C,160.62
2026-10-06 00:00:00,Block A,110.86
2026-10-06 00:00:00,Block B,181.84
2026-10-06 00:00:00,Block C,164.19
2026-10-06 01:00:00,Block A,114.11
2026-10-06 01:00:00,Block B,170.38
2026-10-06 01:00:00,Block C,136.13
2026-10-06 02:00:00,Block A,120.24
2026-10-06 02:00:00,Block B,196.73
2026-10-06 02:00:00,Block C,147.95
2026-10-06 03:00:00,Block A,109.65
2026-10-06 03:00:00,Block B,189.55
2026-10-06 03:00:00,Block C,144.37
2026-10-06 04:00:00,Block A,115.83
2026-10-06 04:00:00,Block B,195.42
2026-10-06 04:00:00,Block C,150.89
2026-10-06 05:00:00,Block A,118.78
2026-10-06 05:00:00,Block B,164.54
2026-10-06 05:00:00,Block C,139.92
2026-10-06 06:00:00,Block A,120.04
2026-10-06 06:00:00,Block B,176.57
2026-10-06 06:00:00,Block C,139.78
2026-10-06 07:00:00,Block A,118.08
2026-10-06 07:00:00,Block B,183.92
2026-10-06 07:00:00,Block C,135.18
2026-10-06 08:00:00,Block A,131.04
2026-10-06 08:00:00,Block B,166.15
2026-10-06 08:00:00,Block C,155.91
2026-10-06 09:00:00,Block A,130.91
2026-10-06 09:00:00,Block B,164.64
2026-10-06 09:00:00,Block C,160.94
2026-10-06 10:00:00,Block A,122.01
2026-10-06 10:00:00,Block B,179.3
2026-10-06 10:00:00,Block C,141.17
2026-10-06 11:00:00,Block A,127.66
2026-10-06 11:00:00,Block B,164.67
2026-10-06 11:00:00,Block C,162.64
2026-10-06 12:00:00,Block A,123.77
2026-10-06 12:00:00,Block B,193.72
2026-10-06 12:00:00,Block C,153.38
2026-10-06 13:00:00,Block A,115.16
2026-10-06 13:00:00,Block B,185.35
2026-10-06 13:00:00,Block C,137.53
2026-10-06 14:00:00,Block A,119.11
2026-10-06 14:00:00,Block B,194.51
2026-10-06 14:00:00,Block C,155.85
2026-10-06 15:00:00,Block A,109.49
2026-10-06 15:00:00,Block B,193.91
2026-10-06 15:00:00,Block C,136.09
2026-10-06 16:00:00,Block A,120.21
2026-10-06 16:00:00,Block B,180.92
2026-10-06 16:00:00,Block C,162.96
2026-10-06 17:00:00,Block A,111.61
2026-10-06 17:00:00,Block B,178.47
2026-10-06 17:00:00,Block C,158.53
2026-10-06 18:00:00,Block A,125.59
2026-10-06 18:00:00,Block B,179.88
2026-10-06 18:00:00,Block C,143.97
2026-10-06 19:00:00,Block A,114.13
2026-10-06 19:00:00,Block B,171.52
2026-10-06 19:00:00,Block C,152.23
2026-10-06 20:00:00,Block A,120.59
2026-10-06 20:00:00,Block B,176.88
2026-10-06 20:00:00,Block C,152.49
2026-10-06 21:00:00,Block A,120.98
2026-10-06 21:00:00,Block B,166.92
2026-10-06 21:00:00,Block C,163.23
2026-10-06 22:00:00,Block A,115.05
2026-10-06 22:00:00,Block B,173.66
2026-10-06 22:00:00,Block C,140.52
2026-10-06 23:00:00,Block A,112.04
2026-10-06 23:00:00,Block B,181.57
2026-10-06 23:00:00,Block C,135.45
2026-10-07 00:00:00,Block A,131.0
2026-10-07 00:00:00,Block B,170.81
2026-10-07 00:00:00,Block C,161.52
2026-10-07 01:00:00,Block A,118.71
2026-10-07 01:00:00,Block B,185.0
2026-10-07 01:00:00,Block C,137.1
2026-10-07 02:00:00,Block A,129.49
2026-10-07 02:00:00,Block B,164.81
2026-10-07 02:00:00,Block C,137.21
2026-10-07 03:00:00,Block A,120.49
2026-10-07 03:00:00,Block B,186.28
2026-10-07 03:00:00,Block C,144.99
2026-10-07 04:00:00,Block A,116.75
2026-10-07 04:00:00,Block B,182.61
2026-10-07 04:00:00,Block C,148.1
2026-10-07 05:00:00,Block A,122.54
2026-10-07 05:00:00,Block B,187.41
2026-10-07 05:00:00,Block C,138.53
2026-10-07 06:00:00,Block A,130.17
2026-10-07 06:00:00,Block B,183.78
2026-10-07 06:00:00,Block C,160.39
2026-10-07 07:00:00,Block A,117.38
2026-10-07 07:00:00,Block B,187.26
2026-10-07 07:00:00,Block C,146.1
2026-10-07 08:00:00,Block A,123.69
2026-10-07 08:00:00,Block B,187.35
2026-10-07 08:00:00,Block C,138.2
2026-10-07 09:00:00,Block A,122.67
2026-10-07 09:00:00,Block B,163.42
2026-10-07 09:00:00,Block C,156.04
2026-10-07 10:00:00,Block A,131.81
2026-10-07 10:00:00,Block B,180.99
2026-10-07 10:00:00,Block C,158.94
2026-10-07 11:00:00,Block A,114.25
2026-10-07 11:00:00,Block B,188.78
2026-10-07 11:00:00,Block C,140.19
2026-10-07 12:00:00,Block A,109.48
2026-10-07 12:00:00,Block B,197.71
2026-10-07 12:00:00,Block C,140.76
2026-10-07 13:00:00,Block A,120.36
2026-10-07 13:00:00,Block B,166.17
2026-10-07 13:00:00,Block C,148.57
2026-10-07 14:00:00,Block A,119.78
2026-10-07 14:00:00,Block B,182.08
2026-10-07 14:00:00,Block C,145.35
2026-10-07 15:00:00,Block A,113.9
2026-10-07 15:00:00,Block B,191.47
2026-10-07 15:00:00,Block C,137.43
2026-10-07 16:00:00,Block A,131.06
2026-10-07 16:00:00,Block B,164.7
2026-10-07 16:00:00,Block C,144.0
2026-10-07 17:00:00,Block A,124.02
2026-10-07 17:00:00,Block B,196.78
2026-10-07 17:00:00,Block C,137.24
2026-10-07 18:00:00,Block A,126.27
2026-10-07 18:00:00,Block B,180.06
2026-10-07 18:00:00,Block C,148.52
2026-10-07 19:00:00,Block A,124.73
2026-10-07 19:00:00,Block B,191.55
2026-10-07 19:00:00,Block C,142.97
2026-10-07 20:00:00,Block A,114.41
2026-10-07 20:00:00,Block B,167.03
2026-10-07 20:00:00,Block C,149.9
2026-10-07 21:00:00,Block A,123.01
2026-10-07 21:00:00,Block B,175.91
2026-10-07 21:00:00,Block C,151.89
2026-10-07 22:00:00,Block A,120.4
2026-10-07 22:00:00,Block B,182.22
2026-10-07 22:00:00,Block C,150.09
2026-10-07 23:00:00,Block A,109.02
2026-10-07 23:00:00,Block B,191.76
2026-10-07 23:00:00,Block C,161.23
2026-10-08 00:00:00,Block A,110.65
2026-10-08 00:00:00,Block B,164.68
2026-10-08 00:00:00,Block C,161.62
2026-10-08 01:00:00,Block A,109.42
2026-10-08 01:00:00,Block B,175.59
2026-10-08 01:00:00,Block C,147.68
2026-10-08 02:00:00,Block A,124.88
2026-10-08 02:00:00,Block B,176.57
2026-10-08 02:00:00,Block C,150.23
2026-10-08 03:00:00,Block A,115.58
2026-10-08 03:00:00,Block B,195.68
2026-10-08 03:00:00,Block C,136.23
2026-10-08 04:00:00,Block A,110.84
2026-10-08 04:00:00,Block B,164.36
2026-10-08 04:00:00,Block C,136.5
2026-10-08 05:00:00,Block A,123.25
2026-10-08 05:00:00,Block B,192.0
2026-10-08 05:00:00,Block C,149.86
2026-10-08 06:00:00,Block A,120.85
2026-10-08 06:00:00,Block B,189.32
2026-10-08 06:00:00,Block C,141.87
2026-10-08 07:00:00,Block A,129.31
2026-10-08 07:00:00,Block B,196.31
2026-10-08 07:00:00,Block C,164.66
2026-10-08 08:00:00,Block A,109.16
2026-10-08 08:00:00,Block B,183.87
2026-10-08 08:00:00,Block C,147.84
2026-10-08 09:00:00,Block A,122.49
2026-10-08 09:00:00,Block B,196.24
2026-10-08 09:00:00,Block C,149.63
2026-10-08 10:00:00,Block A,122.14
2026-10-08 10:00:00,Block B,194.4
2026-10-08 10:00:00,Block C,158.67
2026-10-08 11:00:00,Block A,114.47
2026-10-08 11:00:00,Block B,169.26
2026-10-08 11:00:00,Block C,140.3
2026-10-08 12:00:00,Block A,114.15
2026-10-08 12:00:00,Block B,164.99
2026-10-08 12:00:00,Block C,162.05
2026-10-08 13:00:00,Block A,129.23
2026-10-08 13:00:00,Block B,186.52
2026-10-08 13:00:00,Block C,138.94
2026-10-08 14:00:00,Block A,131.19
2026-10-08 14:00:00,Block B,173.39
2026-10-08 14:00:00,Block C,137.64
2026-10-08 15:00:00,Block A,127.61
2026-10-08 15:00:00,Block B,175.74
2026-10-08 15:00:00,Block C,155.98
2026-10-08 16:00:00,Block A,124.88
2026-10-08 16:00:00,Block B,172.33
2026-10-08 16:00:00,Block C,164.02
2026-10-08 17:00:00,Block A,129.35
2026-10-08 17:00:00,Block B,167.51
2026-10-08 17:00:00,Block C,142.67
2026-10-08 18:00:00,Block A,108.99
2026-10-08 18:00:00,Block B,167.23
2026-10-08 18:00:00,Block C,138.2
2026-10-08 19:00:00,Block A,129.03
2026-10-08 19:00:00,Block B,183.73
2026-10-08 19:00:00,Block C,146.9
2026-10-08 20:00:00,Block A,123.0
2026-10-08 20:00:00,Block B,172.02
2026-10-08 20:00:00,Block C,153.38
2026-10-08 21:00:00,Block A,123.45
2026-10-08 21:00:00,Block B,189.94
2026-10-08 21:00:00,Block C,139.71
2026-10-08 22:00:00,Block A,128.86
2026-10-08 22:00:00,Block B,167.26
2026-10-08 22:00:00,Block C,164.53
2026-10-08 23:00:00,Block A,125.92
2026-10-08 23:00:00,Block B,175.79
2026-10-08 23:00:00,Block C,139.92
2026-10-09 00:00:00,Block A,108.53
2026-10-09 00:00:00,Block B,183.18
2026-10-09 00:00:00,Block C,162.95
2026-10-09 01:00:00,Block A,118.52
2026-10-09 01:00:00,Block B,188.22
2026-10-09 01:00:00,Block C,143.02
2026-10-09 02:00:00,Block A,117.49
2026-10-09 02:00:00,Block B,188.77
2026-10-09 02:00:00,Block C,150.37
2026-10-09 03:00:00,Block A,131.37
2026-10-09 03:00:00,Block B,195.65
2026-10-09 03:00:00,Block C,156.59
2026-10-09 04:00:00,Block A,109.09
2026-10-09 04:00:00,Block B,185.27
2026-10-09 04:00:00,Block C,136.96
2026-10-09 05:00:00,Block A,129.6
2026-10-09 05:00:00,Block B,169.41
2026-10-09 05:00:00,Block C,146.16
2026-10-09 06:00:00,Block A,122.63
2026-10-09 06:00:00,Block B,170.11
2026-10-09 06:00:00,Block C,158.47
2026-10-09 07:00:00,Block A,121.68
2026-10-09 07:00:00,Block B,197.49
2026-10-09 07:00:00,Block C,145.73
2026-10-09 08:00:00,Block A,128.78
2026-10-09 08:00:00,Block B,196.99
2026-10-09 08:00:00,Block C,154.74
2026-10-09 09:00:00,Block A,131.46
2026-10-09 09:00:00,Block B,180.8
2026-10-09 09:00:00,Block C,160.61
2026-10-09 10:00:00,Block A,122.44
2026-10-09 10:00:00,Block B,164.41
2026-10-09 10:00:00,Block C,155.17
2026-10-09 11:00:00,Block A,110.47
2026-10-09 11:00:00,Block B,182.69
2026-10-09 11:00:00,Block C,164.76
2026-10-09 12:00:00,Block A,126.44
2026-10-09 12:00:00,Block B,167.21
2026-10-09 12:00:00,Block C,140.0
2026-10-09 13:00:00,Block A,130.95
2026-10-09 13:00:00,Block B,191.68
2026-10-09 13:00:00,Block C,141.38
2026-10-09 14:00:00,Block A,130.87
2026-10-09 14:00:00,Block B,177.95
2026-10-09 14:00:00,Block C,153.84
2026-10-09 15:00:00,Block A,130.61
2026-10-09 15:00:00,Block B,197.24
2026-10-09 15:00:00,Block C,164.08
2026-10-09 16:00:00,Block A,128.47
2026-10-09 16:00:00,Block B,172.91
2026-10-09 16:00:00,Block C,143.49
2026-10-09 17:00:00,Block A,121.24
2026-10-09 17:00:00,Block B,184.29
2026-10-09 17:00:00,Block C,135.61
2026-10-09 18:00:00,Block A,117.67
2026-10-09 18:00:00,Block B,195.38
2026-10-09 18:00:00,Block C,151.64
2026-10-09 19:00:00,Block A,109.17
2026-10-09 19:00:00,Block B,189.07
2026-10-09 19:00:00,Block C,148.9
2026-10-09 20:00:00,Block A,129.74
2026-10-09 20:00:00,Block B,171.96
2026-10-09 20:00:00,Block C,136.95
2026-10-09 21:00:00,Block A,124.37
2026-10-09 21:00:00,Block B,191.07
2026-10-09 21:00:00,Block C,163.01
2026-10-09 22:00:00,Block A,115.89
2026-10-09 22:00:00,Block B,196.9
2026-10-09 22:00:00,Block C,141.66
2026-10-09 23:00:00,Block A,108.92
2026-10-09 23:00:00,Block B,181.24
2026-10-09 23:00:00,Block C,157.23
2026-10-10 00:00:00,Block A,113.45
2026-10-10 00:00:00,Block B,162.42
2026-10-10 00:00:00,Block C,150.36
2026-10-10 01:00:00,Block A,121.29
2026-10-10 01:00:00,Block B,163.4
2026-10-10 01:00:00,Block C,161.11
2026-10-10 02:00:00,Block A,120.3
2026-10-10 02:00:00,Block B,186.08
2026-10-10 02:00:00,Block C,156.19
2026-10-10 03:00:00,Block A,120.65
2026-10-10 03:00:00,Block B,177.9
2026-10-10 03:00:00,Block C,155.67
2026-10-10 04:00:00,Block A,120.91
2026-10-10 04:00:00,Block B,173.13
2026-10-10 04:00:00,Block C,143.83
2026-10-10 05:00:00,Block A,123.55
2026-10-10 05:00:00,Block B,175.41
2026-10-10 05:00:00,Block C,140.56
2026-10-10 06:00:00,Block A,115.77
2026-10-10 06:00:00,Block B,178.0
2026-10-10 06:00:00,Block C,152.32
2026-10-10 07:00:00,Block A,120.8
2026-10-10 07:00:00,Block B,186.25
2026-10-10 07:00:00,Block C,143.92
2026-10-10 08:00:00,Block A,111.18
2026-10-10 08:00:00,Block B,194.44
2026-10-10 08:00:00,Block C,145.02
2026-10-10 09:00:00,Block A,110.67
2026-10-10 09:00:00,Block B,192.84
2026-10-10 09:00:00,Block C,139.33
2026-10-10 10:00:00,Block A,116.14
2026-10-10 10:00:00,Block B,188.6
2026-10-10 10:00:00,Block C,156.99
2026-10-10 11:00:00,Block A,114.22
2026-10-10 11:00:00,Block B,179.26
2026-10-10 11:00:00,Block C,135.67
2026-10-10 12:00:00,Block A,108.68
2026-10-10 12:00:00,Block B,184.73
2026-10-10 12:00:00,Block C,161.52
2026-10-10 13:00:00,Block A,128.35
2026-10-10 13:00:00,Block B,180.58
2026-10-10 13:00:00,Block C,140.8
2026-10-10 14:00:00,Block A,122.42
2026-10-10 14:00:00,Block B,184.49
2026-10-10 14:00:00,Block C,146.96
2026-10-10 15:00:00,Block A,124.01
2026-10-10 15:00:00,Block B,170.45
2026-10-10 15:00:00,Block C,151.0
2026-10-10 16:00:00,Block A,120.27
2026-10-10 16:00:00,Block B,190.82
2026-10-10 16:00:00,Block C,157.56
2026-10-10 17:00:00,Block A,118.38
2026-10-10 17:00:00,Block B,172.42
2026-10-10 17:00:00,Block C,135.06
2026-10-10 18:00:00,Block A,129.22
2026-10-10 18:00:00,Block B,163.43
2026-10-10 18:00:00,Block C,161.79
2026-10-10 19:00:00,Block A,127.4
2026-10-10 19:00:00,Block B,176.17
2026-10-10 19:00:00,Block C,155.32
2026-10-10 20:00:00,Block A,121.74
2026-10-10 20:00:00,Block B,180.33
2026-10-10 20:00:00,Block C,153.17
2026-10-10 21:00:00,Block A,131.19
2026-10-10 21:00:00,Block B,195.64
2026-10-10 21:00:00,Block C,145.52
2026-10-10 22:00:00,Block A,109.38
2026-10-10 22:00:00,Block B,182.79
2026-10-10 22:00:00,Block C,140.81
2026-10-10 23:00:00,Block A,128.35
2026-10-10 23:00:00,Block B,193.7
2026-10-10 23:00:00,Block C,147.68
